{
  "name": "Sleep Counselor RAG Chatbot (Python 3.11)",
  "image": "mcr.microsoft.com/devcontainers/python:1-3.11-bullseye",
  "customizations": {
    "codespaces": {
      "openFiles": [
        "README.md",
        "run.py"
      ]
    },
    "vscode": {
      "settings": {},
      "extensions": [
        "ms-python.python",
        "ms-python.vscode-pylance"
      ]
    }
  },
  "updateContentCommand": "[ -f packages.txt ] && sudo apt update && sudo apt upgrade -y && sudo xargs apt install -y <packages.txt; [ -f requirements.txt ] && pip3 install --user -r requirements.txt; pip3 install --user streamlit torchaudio transformers pydub pinecone-client sentence-transformers pyaudio whisper openai python-dotenv; echo '✅ All Python requirements installed!'",
  "postAttachCommand": {
    "server": "streamlit run run.py --server.enableCORS false --server.enableXsrfProtection false"
  },
  "portsAttributes": {
    "8501": {
      "label": "Application",
      "onAutoForward": "openPreview"
    }
  },
  "forwardPorts": [
    8501
  ]
}
